time,active_events
0.000,0
0.100,0
0.200,0
0.300,0
0.400,0
0.500,0
0.600,0
0.700,0
0.800,0
0.900,0
1.000,0
1.100,0
1.200,0
1.300,0
1.400,0
1.500,0
1.600,0
1.700,0
1.800,0
1.900,0
2.000,0
2.100,0
2.200,0
2.300,0
2.400,0
2.500,0
2.600,0
2.700,0
2.800,0
2.900,0
3.000,0
3.100,0
3.200,0
3.300,0
3.400,0
3.500,0
3.600,0
3.700,0
3.800,0
3.900,0
4.000,0
4.100,0
4.200,0
4.300,0
4.400,0
4.500,0
4.600,0
4.700,0
4.800,0
4.900,0
5.000,0
5.100,0
5.200,0
5.300,0
5.400,0
5.500,0
5.600,0
5.700,0
5.800,0
5.900,0
6.000,0
6.100,0
6.200,0
6.300,0
6.400,0
6.500,0
6.600,0
6.700,0
6.800,0
6.900,0
7.000,0
7.100,0
7.200,0
7.300,0
7.400,0
7.500,0
7.600,0
7.700,0
7.800,0
7.900,0
8.000,0
8.100,0
8.200,0
8.300,0
8.400,0
8.500,0
8.600,0
8.700,0
8.800,0
8.900,0
9.000,0
9.100,0
9.200,0
9.300,0
9.400,0
9.500,0
9.600,0
9.700,0
9.800,0
9.900,0
10.000,0
10.100,0
10.200,0
10.300,0
10.400,0
10.500,0
10.600,0
10.700,0
10.800,0
10.900,0
11.000,0
11.100,0
11.200,0
11.300,0
11.400,0
11.500,0
11.600,0
11.700,0
11.800,0
11.900,0
12.000,0
12.100,0
12.200,0
12.300,0
12.400,0
12.500,0
12.600,0
12.700,0
12.800,0
12.900,0
13.000,0
13.100,0
13.200,0
13.300,0
13.400,0
13.500,0
13.600,0
13.700,0
13.800,0
13.900,0
14.000,0
14.100,0
14.200,0
14.300,0
14.400,0
14.500,0
14.600,0
14.700,0
14.800,0
14.900,0
15.000,0
15.100,0
15.200,0
15.300,0
15.400,0
15.500,0
15.600,0
15.700,0
15.800,0
15.900,0
16.000,0
16.100,0
16.200,0
16.300,0
16.400,0
16.500,0
16.600,0
16.700,0
16.800,0
16.900,0
17.000,0
17.100,0
17.200,0
17.300,0
17.400,0
17.500,0
17.600,0
17.700,0
17.800,0
17.900,0
18.000,0
18.100,0
18.200,0
18.300,0
18.400,0
18.500,0
18.600,0
18.700,0
18.800,0
18.900,0
19.000,0
19.100,0
19.200,0
19.300,0
19.400,0
19.500,0
19.600,0
19.700,0
19.800,0
19.900,0
20.000,0
20.100,0
20.200,0
20.300,0
20.400,0
20.500,0
20.600,0
20.700,0
20.800,0
20.900,0
21.000,0
21.100,0
21.200,0
21.300,0
21.400,0
21.500,0
21.600,0
21.700,0
21.800,0
21.900,0
22.000,0
22.100,0
22.200,0
22.300,0
22.400,0
22.500,0
22.600,0
22.700,0
22.800,0
22.900,0
23.000,0
23.100,0
23.200,0
23.300,0
23.400,0
23.500,0
23.600,0
23.700,0
23.800,0
23.900,0
24.000,0
24.100,0
24.200,0
24.300,0
24.400,0
24.500,0
24.600,0
24.700,0
24.800,0
24.900,0
25.000,0
25.100,0
25.200,0
25.300,0
25.400,0
25.500,0
25.600,0
25.700,0
25.800,0
25.900,0
26.000,0
26.100,0
26.200,0
26.300,0
26.400,0
26.500,0
26.600,0
26.700,0
26.800,0
26.900,0
27.000,0
27.100,0
27.200,0
27.300,0
27.400,0
27.500,0
27.600,0
27.700,0
27.800,0
27.900,0
28.000,0
28.100,0
28.200,0
28.300,0
28.400,0
28.500,0
28.600,0
28.700,0
28.800,0
28.900,0
29.000,0
29.100,0
29.200,0
29.300,0
29.400,0
29.500,0
29.600,0
29.700,0
29.800,0
29.900,0
30.000,0
30.100,0
30.200,0
30.300,0
30.400,0
30.500,0
30.600,0
30.700,0
30.800,0
30.900,0
31.000,0
31.100,0
31.200,0
31.300,0
31.400,0
31.500,0
31.600,0
31.700,0
31.800,0
31.900,0
32.000,0
32.100,0
32.200,0
32.300,0
32.400,0
32.500,0
32.600,0
32.700,0
32.800,0
32.900,0
33.000,0
33.100,0
33.200,0
33.300,0
33.400,0
33.500,0
33.600,0
33.700,0
33.800,0
33.900,0
34.000,0
34.100,0
34.200,0
34.300,0
34.400,0
34.500,0
34.600,0
34.700,0
34.800,0
34.900,0
35.000,0
35.100,0
35.200,0
35.300,0
35.400,0
35.500,0
35.600,0
35.700,0
35.800,0
35.900,0
36.000,0
36.100,0
36.200,0
36.300,0
36.400,0
36.500,0
36.600,0
36.700,0
36.800,0
36.900,0
37.000,0
37.100,0
37.200,0
37.300,0
37.400,0
37.500,0
37.600,0
37.700,0
37.800,0
37.900,0
38.000,0
38.100,0
38.200,0
38.300,0
38.400,0
38.500,0
38.600,0
38.700,0
38.800,0
38.900,0
39.000,0
39.100,0
39.200,0
39.300,0
39.400,0
39.500,0
39.600,0
39.700,0
39.800,0
39.900,0
40.000,0
40.100,0
40.200,0
40.300,0
40.400,0
40.500,0
40.600,0
40.700,0
40.800,0
40.900,0
41.000,0
41.100,0
41.200,0
41.300,0
41.400,0
41.500,0
41.600,0
41.700,0
41.800,0
41.900,0
42.000,0
42.100,0
42.200,0
42.300,0
42.400,0
42.500,0
42.600,0
42.700,0
42.800,0
42.900,0
43.000,0
43.100,0
43.200,0
43.300,0
43.400,0
43.500,0
43.600,0
43.700,0
43.800,0
43.900,0
44.000,0
44.100,0
44.200,0
44.300,0
44.400,0
44.500,0
44.600,0
44.700,0
44.800,0
44.900,0
45.000,0
45.100,0
45.200,0
45.300,0
45.400,0
45.500,0
45.600,0
45.700,0
45.800,0
45.900,0
46.000,0
46.100,0
46.200,0
46.300,0
46.400,0
46.500,0
46.600,0
46.700,0
46.800,0
46.900,0
47.000,0
47.100,0
47.200,0
47.300,0
47.400,0
47.500,0
47.600,0
47.700,0
47.800,0
47.900,0
48.000,0
48.100,0
48.200,0
48.300,0
48.400,0
48.500,0
48.600,0
48.700,0
48.800,0
48.900,0
49.000,0
49.100,0
49.200,0
49.300,0
49.400,0
49.500,0
49.600,0
49.700,0
49.800,0
49.900,0
50.000,0
50.100,0
50.200,0
50.300,0
50.400,0
50.500,0
50.600,0
50.700,0
50.800,0
50.900,0
51.000,0
51.100,0
51.200,0
51.300,0
51.400,0
51.500,0
51.600,0
51.700,0
51.800,0
51.900,0
52.000,0
52.100,0
52.200,0
52.300,0
52.400,0
52.500,0
52.600,0
52.700,0
52.800,0
52.900,0
53.000,0
53.100,0
53.200,0
53.300,0
53.400,0
53.500,0
53.600,0
53.700,0
53.800,0
53.900,0
54.000,0
54.100,0
54.200,0
54.300,0
54.400,0
54.500,0
54.600,0
54.700,0
54.800,0
54.900,0
55.000,0
55.100,0
55.200,0
55.300,0
55.400,0
55.500,0
55.600,0
55.700,0
55.800,0
55.900,0
56.000,0
56.100,0
56.200,0
56.300,0
56.400,0
56.500,0
56.600,0
56.700,0
56.800,0
56.900,0
57.000,0
57.100,0
57.200,0
57.300,0
57.400,0
57.500,0
57.600,0
57.700,0
57.800,0
57.900,0
58.000,0
58.100,0
58.200,0
58.300,0
58.400,0
58.500,0
58.600,0
58.700,0
58.800,0
58.900,0
59.000,0
59.100,0
59.200,0
59.300,0
59.400,0
59.500,0
59.600,0
59.700,0
59.800,0
59.900,0
60.000,0
60.100,0
60.200,0
60.300,0
60.400,0
60.500,0
60.600,0
60.700,0
60.800,0
60.900,0
61.000,0
61.100,0
61.200,0
61.300,0
61.400,0
61.500,0
61.600,0
61.700,0
61.800,0
61.900,0
62.000,0
62.100,0
62.200,0
62.300,0
62.400,0
62.500,0
62.600,0
62.700,0
62.800,0
62.900,0
63.000,0
63.100,0
63.200,0
63.300,0
63.400,0
63.500,0
63.600,0
63.700,0
63.800,0
63.900,0
64.000,0
64.100,0
64.200,0
64.300,0
64.400,0
64.500,0
64.600,0
64.700,0
64.800,0
64.900,0
65.000,0
65.100,0
65.200,0
65.300,0
65.400,0
65.500,0
65.600,0
65.700,0
65.800,0
65.900,0
66.000,0
66.100,0
66.200,0
66.300,0
66.400,0
66.500,0
66.600,0
66.700,0
66.800,0
66.900,0
67.000,0
67.100,0
67.200,0
67.300,0
67.400,0
67.500,0
67.600,0
67.700,0
67.800,0
67.900,0
68.000,0
68.100,0
68.200,0
68.300,0
68.400,0
68.500,0
68.600,0
68.700,0
68.800,0
68.900,0
69.000,0
69.100,0
69.200,0
69.300,0
69.400,0
69.500,0
69.600,0
69.700,0
69.800,0
69.900,0
70.000,0
70.100,0
70.200,0
70.300,0
70.400,0
70.500,0
70.600,0
70.700,0
70.800,0
70.900,0
71.000,0
71.100,0
71.200,0
71.300,0
71.400,0
71.500,0
71.600,0
71.700,0
71.800,0
71.900,0
72.000,0
72.100,0
72.200,0
72.300,0
72.400,0
72.500,0
72.600,0
72.700,0
72.800,0
72.900,0
73.000,0
73.100,0
73.200,0
73.300,0
73.400,0
73.500,0
73.600,0
73.700,0
73.800,0
73.900,0
74.000,0
74.100,0
74.200,0
74.300,0
74.400,0
74.500,0
74.600,0
74.700,0
74.800,0
74.900,0
75.000,0
75.100,0
75.200,0
75.300,0
75.400,0
75.500,0
75.600,0
75.700,0
75.800,0
75.900,0
76.000,0
76.100,0
76.200,0
76.300,0
76.400,0
76.500,0
76.600,0
76.700,0
76.800,0
76.900,0
77.000,0
77.100,0
77.200,0
77.300,0
77.400,0
77.500,0
77.600,0
77.700,0
77.800,0
77.900,0
78.000,0
78.100,0
78.200,0
78.300,0
78.400,0
78.500,0
78.600,0
78.700,0
78.800,0
78.900,0
79.000,0
79.100,0
79.200,0
79.300,0
79.400,0
79.500,0
79.600,0
79.700,0
79.800,0
79.900,0
80.000,0
80.100,0
80.200,0
80.300,0
80.400,0
80.500,0
80.600,0
80.700,0
80.800,0
80.900,0
81.000,0
81.100,0
81.200,0
81.300,0
81.400,0
81.500,0
81.600,0
81.700,0
81.800,0
81.900,0
82.000,0
82.100,0
82.200,0
82.300,0
82.400,0
82.500,0
82.600,0
82.700,0
82.800,0
82.900,0
83.000,0
83.100,0
83.200,0
83.300,0
83.400,0
83.500,0
83.600,0
83.700,0
83.800,0
83.900,0
84.000,0
84.100,0
84.200,0
84.300,0
84.400,0
84.500,0
84.600,0
84.700,0
84.800,0
84.900,0
85.000,0
85.100,0
85.200,0
85.300,0
85.400,0
85.500,0
85.600,0
85.700,0
85.800,0
85.900,0
86.000,0
86.100,0
86.200,0
86.300,0
86.400,0
86.500,0
86.600,0
86.700,0
86.800,0
86.900,0
87.000,0
87.100,0
87.200,0
87.300,0
87.400,0
87.500,0
87.600,0
87.700,0
87.800,0
87.900,0
88.000,0
88.100,0
88.200,0
88.300,0
88.400,0
88.500,0
88.600,0
88.700,0
88.800,0
88.900,0
89.000,0
89.100,0
89.200,0
89.300,0
89.400,0
89.500,0
89.600,0
89.700,0
89.800,0
89.900,0
90.000,0
90.100,0
90.200,0
90.300,0
90.400,0
90.500,0
90.600,0
90.700,0
90.800,0
90.900,0
91.000,0
91.100,0
91.200,0
91.300,0
91.400,0
91.500,0
91.600,0
91.700,0
91.800,0
91.900,0
92.000,0
92.100,0
92.200,0
92.300,0
92.400,0
92.500,0
92.600,0
92.700,0
92.800,0
92.900,0
93.000,0
93.100,0
93.200,0
93.300,0
93.400,0
93.500,0
93.600,0
93.700,0
93.800,0
93.900,0
94.000,0
94.100,0
94.200,0
94.300,0
94.400,0
94.500,0
94.600,0
94.700,0
94.800,0
94.900,0
95.000,0
95.100,0
95.200,0
95.300,0
95.400,0
95.500,0
95.600,0
95.700,0
95.800,0
95.900,0
96.000,0
96.100,0
96.200,0
96.300,0
96.400,0
96.500,0
96.600,0
96.700,0
96.800,0
96.900,0
97.000,0
97.100,0
97.200,0
97.300,0
97.400,0
97.500,0
97.600,0
97.700,0
97.800,0
97.900,0
98.000,0
98.100,0
98.200,0
98.300,0
98.400,0
98.500,0
98.600,0
98.700,0
98.800,0
98.900,0
99.000,0
99.100,0
99.200,0
99.300,0
99.400,0
99.500,0
99.600,0
99.700,0
99.800,0
99.900,0
100.000,0
100.100,0
100.200,0
100.300,0
100.400,0
100.500,0
100.600,0
100.700,0
100.800,0
100.900,0
101.000,0
101.100,0
101.200,0
101.300,0
101.400,0
101.500,0
101.600,0
101.700,0
101.800,0
101.900,0
102.000,0
102.100,0
102.200,0
102.300,0
102.400,0
102.500,0
102.600,0
102.700,0
102.800,0
102.900,0
103.000,0
103.100,0
103.200,0
103.300,0
103.400,0
103.500,0
103.600,0
103.700,0
103.800,0
103.900,0
104.000,0
104.100,0
104.200,0
104.300,0
104.400,0
104.500,0
104.600,0
104.700,0
104.800,0
104.900,0
105.000,0
105.100,0
105.200,0
105.300,0
105.400,0
105.500,0
105.600,0
105.700,0
105.800,0
105.900,0
106.000,0
106.100,0
106.200,0
106.300,0
106.400,0
106.500,0
106.600,0
106.700,0
106.800,0
106.900,0
107.000,0
107.100,0
107.200,0
107.300,0
107.400,0
107.500,0
107.600,0
107.700,0
107.800,0
107.900,0
108.000,0
108.100,0
108.200,0
108.300,0
108.400,0
108.500,0
108.600,0
108.700,0
108.800,0
108.900,0
109.000,0
109.100,0
109.200,0
109.300,0
109.400,0
109.500,0
109.600,0
109.700,0
109.800,0
109.900,0
110.000,0
110.100,0
110.200,0
110.300,0
110.400,0
110.500,0
110.600,0
110.700,0
110.800,0
110.900,0
111.000,0
111.100,0
111.200,0
111.300,0
111.400,0
111.500,0
111.600,0
111.700,0
111.800,0
111.900,0
112.000,0
112.100,0
112.200,0
112.300,0
112.400,0
112.500,0
112.600,0
112.700,0
112.800,0
112.900,0
113.000,0
113.100,0
113.200,0
113.300,0
113.400,0
113.500,0
113.600,0
113.700,0
113.800,0
113.900,0
114.000,0
114.100,0
114.200,0
114.300,0
114.400,0
114.500,0
114.600,0
114.700,0
114.800,0
114.900,0
115.000,0
115.100,0
115.200,0
115.300,0
115.400,0
115.500,0
115.600,0
115.700,0
115.800,0
115.900,0
116.000,0
116.100,0
116.200,0
116.300,0
116.400,0
116.500,0
116.600,0
116.700,0
116.800,0
116.900,0
117.000,0
117.100,0
117.200,0
117.300,0
117.400,0
117.500,0
117.600,0
117.700,0
117.800,0
117.900,0
118.000,0
118.100,0
118.200,0
118.300,0
118.400,0
118.500,0
118.600,0
118.700,0
118.800,0
118.900,0
119.000,0
119.100,0
119.200,0
119.300,0
119.400,0
119.500,0
119.600,0
119.700,0
119.800,0
119.900,0
120.000,0
120.100,0
120.200,0
120.300,0
120.400,0
120.500,0
120.600,0
120.700,0
120.800,0
120.900,0
121.000,0
121.100,0
121.200,0
121.300,0
121.400,0
121.500,0
121.600,0
121.700,0
121.800,0
121.900,0
122.000,0
122.100,0
122.200,0
122.300,0
122.400,0
122.500,0
122.600,0
122.700,0
122.800,0
122.900,0
123.000,0
123.100,0
123.200,0
123.300,0
123.400,0
123.500,0
123.600,0
123.700,0
123.800,0
123.900,0
124.000,0
124.100,0
124.200,0
124.300,0
124.400,0
124.500,0
124.600,0
124.700,0
124.800,0
124.900,0
125.000,0
125.100,0
125.200,0
125.300,0
125.400,0
125.500,0
125.600,0
125.700,0
125.800,0
125.900,0
126.000,0
126.100,0
126.200,0
126.300,0
126.400,0
126.500,0
126.600,0
126.700,0
126.800,0
126.900,0
127.000,0
127.100,0
127.200,0
127.300,0
127.400,0
127.500,0
127.600,0
127.700,0
127.800,0
127.900,0
128.000,0
128.100,0
128.200,0
128.300,0
128.400,0
128.500,0
128.600,0
128.700,0
128.800,0
128.900,0
129.000,0
129.100,0
129.200,0
129.300,0
129.400,0
129.500,0
129.600,0
129.700,0
129.800,0
129.900,0
130.000,0
130.100,0
130.200,0
130.300,0
130.400,0
130.500,0
130.600,0
130.700,0
130.800,0
130.900,0
131.000,0
131.100,0
131.200,0
131.300,0
131.400,0
131.500,0
131.600,0
131.700,0
131.800,0
131.900,0
132.000,0
132.100,0
132.200,0
132.300,0
132.400,0
132.500,0
132.600,0
132.700,0
132.800,0
132.900,0
133.000,0
133.100,0
133.200,0
133.300,0
133.400,0
133.500,0
133.600,0
133.700,0
133.800,0
133.900,0
134.000,0
134.100,0
134.200,0
134.300,0
134.400,0
134.500,0
134.600,0
134.700,0
134.800,0
134.900,0
135.000,0
135.100,0
135.200,0
135.300,0
135.400,0
135.500,0
135.600,0
135.700,0
135.800,0
135.900,0
136.000,0
136.100,0
136.200,0
136.300,0
136.400,0
136.500,0
136.600,0
136.700,0
136.800,0
136.900,0
137.000,0
137.100,0
137.200,0
137.300,0
137.400,0
137.500,0
137.600,0
137.700,0
137.800,0
137.900,0
138.000,0
138.100,0
138.200,0
138.300,0
138.400,0
138.500,0
138.600,0
138.700,0
138.800,0
138.900,0
139.000,0
139.100,0
139.200,0
139.300,0
139.400,0
139.500,0
139.600,0
139.700,0
139.800,0
139.900,0
140.000,0
140.100,0
140.200,0
140.300,0
140.400,0
140.500,0
140.600,0
140.700,0
140.800,0
140.900,0
141.000,0
141.100,0
141.200,0
141.300,0
141.400,0
141.500,0
141.600,0
141.700,0
141.800,0
141.900,0
142.000,0
142.100,0
142.200,0
142.300,0
142.400,0
142.500,0
142.600,0
142.700,0
142.800,0
142.900,0
143.000,0
143.100,0
143.200,0
143.300,0
143.400,0
143.500,0
143.600,0
143.700,0
143.800,0
143.900,0
144.000,0
144.100,0
144.200,0
144.300,0
144.400,0
144.500,0
144.600,0
144.700,0
144.800,0
144.900,0
145.000,0
145.100,0
145.200,0
145.300,0
145.400,0
145.500,0
145.600,0
145.700,0
145.800,0
145.900,0
146.000,0
146.100,0
146.200,0
146.300,0
146.400,0
146.500,0
146.600,0
146.700,0
146.800,0
146.900,0
147.000,0
147.100,0
147.200,0
147.300,0
147.400,0
147.500,0
147.600,0
147.700,0
147.800,0
147.900,0
148.000,0
148.100,0
148.200,0
148.300,0
148.400,0
148.500,0
148.600,0
148.700,0
148.800,0
148.900,0
149.000,0
149.100,0
149.200,0
149.300,0
149.400,0
149.500,0
149.600,0
149.700,0
149.800,0
149.900,0
150.000,0
150.100,0
150.200,0
150.300,0
150.400,0
150.500,0
150.600,0
150.700,0
150.800,0
150.900,0
151.000,0
151.100,0
151.200,0
151.300,0
151.400,0
151.500,0
151.600,0
151.700,0
151.800,0
151.900,0
152.000,0
152.100,0
152.200,0
152.300,0
152.400,0
152.500,0
152.600,0
152.700,0
152.800,0
152.900,0
153.000,0
153.100,0
153.200,0
153.300,0
153.400,0
153.500,0
153.600,0
153.700,0
153.800,0
153.900,0
154.000,0
154.100,0
154.200,0
154.300,0
154.400,0
154.500,0
154.600,0
154.700,0
154.800,0
154.900,0
155.000,0
155.100,0
155.200,0
155.300,0
155.400,0
155.500,0
155.600,0
155.700,0
155.800,0
155.900,0
156.000,0
156.100,0
156.200,0
156.300,0
156.400,0
156.500,0
156.600,0
156.700,0
156.800,0
156.900,0
157.000,0
157.100,0
157.200,0
157.300,0
157.400,0
157.500,0
157.600,0
157.700,0
157.800,0
157.900,0
158.000,0
158.100,0
158.200,0
158.300,0
158.400,0
158.500,0
158.600,0
158.700,0
158.800,0
158.900,0
159.000,0
159.100,0
159.200,0
159.300,0
159.400,0
159.500,0
159.600,0
159.700,0
159.800,0
159.900,0
160.000,0
160.100,0
160.200,0
160.300,0
160.400,0
160.500,0
160.600,0
160.700,0
160.800,0
160.900,0
161.000,0
161.100,0
161.200,0
161.300,0
161.400,0
161.500,0
161.600,0
161.700,0
161.800,0
161.900,0
162.000,0
162.100,0
162.200,0
162.300,0
162.400,0
162.500,0
162.600,0
162.700,0
162.800,0
162.900,0
163.000,0
163.100,0
163.200,0
163.300,0
163.400,0
163.500,0
163.600,0
163.700,0
163.800,0
163.900,0
164.000,0
164.100,0
164.200,0
164.300,0
164.400,0
164.500,0
164.600,0
164.700,0
164.800,0
164.900,0
165.000,0
165.100,0
165.200,0
165.300,0
165.400,0
165.500,0
165.600,0
165.700,0
165.800,0
165.900,0
166.000,0
166.100,0
166.200,0
166.300,0
166.400,0
166.500,0
166.600,0
166.700,0
166.800,0
166.900,0
167.000,0
167.100,0
167.200,0
167.300,0
167.400,0
167.500,0
167.600,0
167.700,0
167.800,0
167.900,0
168.000,0
168.100,0
168.200,0
168.300,0
168.400,0
168.500,0
168.600,0
168.700,0
168.800,0
168.900,0
169.000,0
169.100,0
169.200,0
169.300,0
169.400,0
169.500,0
169.600,0
169.700,0
169.800,0
169.900,0
170.000,0
170.100,0
170.200,0
170.300,0
170.400,0
170.500,0
170.600,0
170.700,0
170.800,0
170.900,0
171.000,0
171.100,0
171.200,0
171.300,0
171.400,0
171.500,0
171.600,0
171.700,0
171.800,0
171.900,0
172.000,0
172.100,0
172.200,0
172.300,0
172.400,0
172.500,0
172.600,0
172.700,0
172.800,0
172.900,0
173.000,0
173.100,0
173.200,0
173.300,0
173.400,0
173.500,0
173.600,0
173.700,0
173.800,0
173.900,0
174.000,0
174.100,0
174.200,0
174.300,0
174.400,0
174.500,0
174.600,0
174.700,0
174.800,0
174.900,0
175.000,0
175.100,0
175.200,0
175.300,0
175.400,0
175.500,0
175.600,0
175.700,0
175.800,0
175.900,0
176.000,0
176.100,0
176.200,0
176.300,0
176.400,0
176.500,0
176.600,0
176.700,0
176.800,0
176.900,0
177.000,0
177.100,0
177.200,0
177.300,0
177.400,0
177.500,0
177.600,0
177.700,0
177.800,0
177.900,0
178.000,0
178.100,0
178.200,0
178.300,0
178.400,0
178.500,0
178.600,0
178.700,0
178.800,0
178.900,0
179.000,0
179.100,0
179.200,0
179.300,0
179.400,0
179.500,0
179.600,0
179.700,0
179.800,0
179.900,0
180.000,0
180.100,0
180.200,0
180.300,0
180.400,0
180.500,0
180.600,0
180.700,0
180.800,0
180.900,0
181.000,0
181.100,0
181.200,0
181.300,0
181.400,0
181.500,0
181.600,0
181.700,0
181.800,0
181.900,0
182.000,0
182.100,0
182.200,0
182.300,0
182.400,0
182.500,0
182.600,0
182.700,0
182.800,0
182.900,0
183.000,0
183.100,0
183.200,0
183.300,0
183.400,0
183.500,0
183.600,0
183.700,0
183.800,0
183.900,0
184.000,0
184.100,0
184.200,0
184.300,0
184.400,0
184.500,0
184.600,0
184.700,0
184.800,0
184.900,0
185.000,0
185.100,0
185.200,0
185.300,0
185.400,0
185.500,0
185.600,0
185.700,0
185.800,0
185.900,0
186.000,0
186.100,0
186.200,0
186.300,0
186.400,0
186.500,0
186.600,0
186.700,0
186.800,0
186.900,0
187.000,0
187.100,0
187.200,0
187.300,0
187.400,0
187.500,0
187.600,0
187.700,0
187.800,0
187.900,0
188.000,0
188.100,0
188.200,0
188.300,0
188.400,0
188.500,0
188.600,0
188.700,0
188.800,0
188.900,0
189.000,0
189.100,0
189.200,0
189.300,0
189.400,0
189.500,0
189.600,0
189.700,0
189.800,0
189.900,0
190.000,0
190.100,0
190.200,0
190.300,0
190.400,0
190.500,0
190.600,0
190.700,0
190.800,0
190.900,0
191.000,0
191.100,0
191.200,0
191.300,0
191.400,0
191.500,0
191.600,0
191.700,0
191.800,0
191.900,0
192.000,0
192.100,0
192.200,0
192.300,0
192.400,0
192.500,0
192.600,0
192.700,0
192.800,0
192.900,0
193.000,0
193.100,0
193.200,0
193.300,0
193.400,0
193.500,0
193.600,0
193.700,0
193.800,0
193.900,0
194.000,0
194.100,0
194.200,0
194.300,0
194.400,0
194.500,0
194.600,0
194.700,0
194.800,0
194.900,0
195.000,0
195.100,0
195.200,0
195.300,0
195.400,0
195.500,0
195.600,0
195.700,0
195.800,0
195.900,0
196.000,0
196.100,0
196.200,0
196.300,0
196.400,0
196.500,0
196.600,0
196.700,0
196.800,0
196.900,0
197.000,0
197.100,0
197.200,0
197.300,0
197.400,0
197.500,0
197.600,0
197.700,0
197.800,0
197.900,0
198.000,0
198.100,0
198.200,0
198.300,0
198.400,0
198.500,0
198.600,0
198.700,0
198.800,0
198.900,0
199.000,0
199.100,0
199.200,0
199.300,0
199.400,0
199.500,0
199.600,0
199.700,0
199.800,0
199.900,0
200.000,0
200.100,0
200.200,0
200.300,0
200.400,0
200.500,0
200.600,0
200.700,0
200.800,0
200.900,0
201.000,0
201.100,0
201.200,0
201.300,0
201.400,0
201.500,0
201.600,0
201.700,0
201.800,0
201.900,0
202.000,0
202.100,0
202.200,0
202.300,0
202.400,0
202.500,0
202.600,0
202.700,0
202.800,0
202.900,0
203.000,0
203.100,0
203.200,0
203.300,0
203.400,0
203.500,0
203.600,0
203.700,0
203.800,0
203.900,0
204.000,0
204.100,0
204.200,0
204.300,0
204.400,0
204.500,0
204.600,0
204.700,0
204.800,0
204.900,0
205.000,0
205.100,0
205.200,0
205.300,0
205.400,0
205.500,0
205.600,0
205.700,0
205.800,0
205.900,0
206.000,0
206.100,0
206.200,0
206.300,0
206.400,0
206.500,0
206.600,0
206.700,0
206.800,0
206.900,0
207.000,0
207.100,0
207.200,0
207.300,0
207.400,0
207.500,0
207.600,0
207.700,0
207.800,0
207.900,0
208.000,0
208.100,0
208.200,0
208.300,0
208.400,0
208.500,0
208.600,0
208.700,0
208.800,0
208.900,0
209.000,0
209.100,0
209.200,0
209.300,0
209.400,0
209.500,0
209.600,0
209.700,0
209.800,0
209.900,0
210.000,0
210.100,0
210.200,0
210.300,0
210.400,0
210.500,0
210.600,0
210.700,0
210.800,0
210.900,0
211.000,0
211.100,0
211.200,0
211.300,0
211.400,0
211.500,0
211.600,0
211.700,0
211.800,0
211.900,0
212.000,0
212.100,0
212.200,0
212.300,0
212.400,0
212.500,0
212.600,0
212.700,0
212.800,0
212.900,0
213.000,0
213.100,0
213.200,0
213.300,0
213.400,0
213.500,0
213.600,0
213.700,0
213.800,0
213.900,0
214.000,0
214.100,0
214.200,0
214.300,0
214.400,0
214.500,0
214.600,0
214.700,0
214.800,0
214.900,0
215.000,0
215.100,0
215.200,0
215.300,0
215.400,0
215.500,0
215.600,0
215.700,0
215.800,0
215.900,0
216.000,0
216.100,0
216.200,0
216.300,0
216.400,0
216.500,0
216.600,0
216.700,0
216.800,0
216.900,0
217.000,0
217.100,0
217.200,0
217.300,0
217.400,0
217.500,0
217.600,0
217.700,0
217.800,0
217.900,0
218.000,0
218.100,0
218.200,0
218.300,0
218.400,0
218.500,0
218.600,0
218.700,0
218.800,0
218.900,0
219.000,0
219.100,0
219.200,0
219.300,0
219.400,0
219.500,0
219.600,0
219.700,0
219.800,0
219.900,0
220.000,0
220.100,0
220.200,0
220.300,0
220.400,0
220.500,0
220.600,0
220.700,0
220.800,0
220.900,0
221.000,0
221.100,0
221.200,0
221.300,0
221.400,0
221.500,0
221.600,0
221.700,0
221.800,0
221.900,0
222.000,0
222.100,0
222.200,0
222.300,0
222.400,0
222.500,0
222.600,0
222.700,0
222.800,0
222.900,0
223.000,0
223.100,0
223.200,0
223.300,0
223.400,0
223.500,0
223.600,0
223.700,0
223.800,0
223.900,0
224.000,0
224.100,0
224.200,0
224.300,0
224.400,0
224.500,0
224.600,0
224.700,0
224.800,0
224.900,0
225.000,0
225.100,0
225.200,0
225.300,0
225.400,0
225.500,0
225.600,0
225.700,0
225.800,0
225.900,0
226.000,0
226.100,0
226.200,0
226.300,0
226.400,0
226.500,0
226.600,0
226.700,0
226.800,0
226.900,0
227.000,0
227.100,0
227.200,0
227.300,0
227.400,0
227.500,0
227.600,0
227.700,0
227.800,0
227.900,0
228.000,0
228.100,0
228.200,0
228.300,0
228.400,0
228.500,0
228.600,0
228.700,0
228.800,0
228.900,0
229.000,0
229.100,0
229.200,0
229.300,0
229.400,0
229.500,0
229.600,0
229.700,0
229.800,0
229.900,0
230.000,0
230.100,0
230.200,0
230.300,0
230.400,0
230.500,0
230.600,0
230.700,0
230.800,0
230.900,0
231.000,0
231.100,0
231.200,0
231.300,0
231.400,0
231.500,0
231.600,0
231.700,0
231.800,0
231.900,0
232.000,0
232.100,0
232.200,0
232.300,0
232.400,0
232.500,0
232.600,0
232.700,0
232.800,0
232.900,0
233.000,0
233.100,0
233.200,0
233.300,0
233.400,0
233.500,0
233.600,0
233.700,0
233.800,0
233.900,0
234.000,0
234.100,0
234.200,0
234.300,0
234.400,0
234.500,0
234.600,0
234.700,0
234.800,0
234.900,0
235.000,0
235.100,0
235.200,0
235.300,0
235.400,0
235.500,0
235.600,0
235.700,0
235.800,0
235.900,0
236.000,0
236.100,0
236.200,0
236.300,0
236.400,0
236.500,0
236.600,0
236.700,0
236.800,0
236.900,0
237.000,0
237.100,0
237.200,0
237.300,0
237.400,0
237.500,0
237.600,0
237.700,0
237.800,0
237.900,0
238.000,0
238.100,0
238.200,0
238.300,0
238.400,0
238.500,0
238.600,0
238.700,0
238.800,0
238.900,0
239.000,0
239.100,0
239.200,0
239.300,0
239.400,0
239.500,0
239.600,0
239.700,0
239.800,0
239.900,0
240.000,0
240.100,0
240.200,0
240.300,0
240.400,0
240.500,0
240.600,0
240.700,0
240.800,0
240.900,0
241.000,0
241.100,0
241.200,0
241.300,0
241.400,0
241.500,0
241.600,0
241.700,0
241.800,0
241.900,0
242.000,0
242.100,0
242.200,0
242.300,0
242.400,0
242.500,0
242.600,0
242.700,0
242.800,0
242.900,0
243.000,0
243.100,0
243.200,0
243.300,0
243.400,0
243.500,0
243.600,0
243.700,0
243.800,0
243.900,0
244.000,0
244.100,0
244.200,0
244.300,0
244.400,0
244.500,0
244.600,0
244.700,0
244.800,0
244.900,0
245.000,0
245.100,0
245.200,0
245.300,0
245.400,0
245.500,0
245.600,0
245.700,0
245.800,0
245.900,0
246.000,0
246.100,0
246.200,0
246.300,0
246.400,0
246.500,0
246.600,0
246.700,0
246.800,0
246.900,0
247.000,0
247.100,0
247.200,0
247.300,0
247.400,0
247.500,0
247.600,0
247.700,0
247.800,0
247.900,0
248.000,0
248.100,0
248.200,0
248.300,0
248.400,0
248.500,0
248.600,0
248.700,0
248.800,0
248.900,0
249.000,0
249.100,0
249.200,0
249.300,0
249.400,0
249.500,0
249.600,0
249.700,0
249.800,0
249.900,0
250.000,0
250.100,0
250.200,0
250.300,0
250.400,0
250.500,0
250.600,0
250.700,0
250.800,0
250.900,0
251.000,0
251.100,0
251.200,0
251.300,0
251.400,0
251.500,0
251.600,0
251.700,0
251.800,0
251.900,0
252.000,0
252.100,0
252.200,0
252.300,0
252.400,0
252.500,0
252.600,0
252.700,0
252.800,0
252.900,0
253.000,0
253.100,0
253.200,0
253.300,0
253.400,0
253.500,0
253.600,0
253.700,0
253.800,0
253.900,0
254.000,0
254.100,0
254.200,0
254.300,0
254.400,0
254.500,0
254.600,0
254.700,0
254.800,0
254.900,0
255.000,0
255.100,0
255.200,0
255.300,0
255.400,0
255.500,0
255.600,0
255.700,0
255.800,0
255.900,0
256.000,0
256.100,0
256.200,0
256.300,0
256.400,0
256.500,0
256.600,0
256.700,0
256.800,0
256.900,0
257.000,0
257.100,0
257.200,0
257.300,0
257.400,0
257.500,0
257.600,0
257.700,0
257.800,0
257.900,0
258.000,0
258.100,0
258.200,0
258.300,0
258.400,0
258.500,0
258.600,0
258.700,0
258.800,0
258.900,0
259.000,0
259.100,0
259.200,0
259.300,0
259.400,0
259.500,0
259.600,0
259.700,0
259.800,0
259.900,0
260.000,0
260.100,0
260.200,0
260.300,0
260.400,0
260.500,0
260.600,0
260.700,0
260.800,0
260.900,0
261.000,0
261.100,0
261.200,0
261.300,0
261.400,0
261.500,0
261.600,0
261.700,0
261.800,0
261.900,0
262.000,0
262.100,0
262.200,0
262.300,0
262.400,0
262.500,0
262.600,0
262.700,0
262.800,0
262.900,0
263.000,0
263.100,0
263.200,0
263.300,0
263.400,0
263.500,0
263.600,0
263.700,0
263.800,0
263.900,0
264.000,0
264.100,0
264.200,0
264.300,0
264.400,0
264.500,0
264.600,0
264.700,0
264.800,0
264.900,0
265.000,0
265.100,0
265.200,0
265.300,0
265.400,0
265.500,0
265.600,0
265.700,0
265.800,0
265.900,0
266.000,0
266.100,0
266.200,0
266.300,0
266.400,0
266.500,0
266.600,0
266.700,0
266.800,0
266.900,0
267.000,0
267.100,0
267.200,0
267.300,0
267.400,0
267.500,0
267.600,0
267.700,0
267.800,0
267.900,0
268.000,0
268.100,0
268.200,0
268.300,0
268.400,0
268.500,0
268.600,0
268.700,0
268.800,0
268.900,0
269.000,0
269.100,0
269.200,0
269.300,0
269.400,0
269.500,0
269.600,0
269.700,0
269.800,0
269.900,0
270.000,0
270.100,0
270.200,0
270.300,0
270.400,0
270.500,0
270.600,0
270.700,0
270.800,0
270.900,0
271.000,0
271.100,0
271.200,0
271.300,0
271.400,0
271.500,0
271.600,0
271.700,0
271.800,0
271.900,0
272.000,0
272.100,0
272.200,0
272.300,0
272.400,0
272.500,0
272.600,0
272.700,0
272.800,0
272.900,0
273.000,0
273.100,0
273.200,0
273.300,0
273.400,0
273.500,0
273.600,0
273.700,0
273.800,0
273.900,0
274.000,0
274.100,0
274.200,0
274.300,0
274.400,0
274.500,0
274.600,0
274.700,0
274.800,0
274.900,0
275.000,0
275.100,0
275.200,0
275.300,0
275.400,0
275.500,0
275.600,0
275.700,0
275.800,0
275.900,0
276.000,0
276.100,0
276.200,0
276.300,0
276.400,0
276.500,0
276.600,0
276.700,0
276.800,0
276.900,0
277.000,0
277.100,0
277.200,0
277.300,0
277.400,0
277.500,0
277.600,0
277.700,0
277.800,0
277.900,0
278.000,0
278.100,0
278.200,0
278.300,0
278.400,0
278.500,0
278.600,0
278.700,0
278.800,0
278.900,0
279.000,0
279.100,0
279.200,0
279.300,0
279.400,0
279.500,0
279.600,0
279.700,0
279.800,0
279.900,0
280.000,0
280.100,0
280.200,0
280.300,0
280.400,0
280.500,0
280.600,0
280.700,0
280.800,0
280.900,0
281.000,0
281.100,0
281.200,0
281.300,0
281.400,0
281.500,0
281.600,0
281.700,0
281.800,0
281.900,0
282.000,0
282.100,0
282.200,0
282.300,0
282.400,0
282.500,0
282.600,0
282.700,0
282.800,0
282.900,0
283.000,0
283.100,0
283.200,0
283.300,0
283.400,0
283.500,0
283.600,0
283.700,0
283.800,0
283.900,0
284.000,0
284.100,0
284.200,0
284.300,0
284.400,0
284.500,0
284.600,0
284.700,0
284.800,0
284.900,0
285.000,0
285.100,0
285.200,0
285.300,0
285.400,0
285.500,0
285.600,0
285.700,0
285.800,0
285.900,0
286.000,0
286.100,0
286.200,0
286.300,0
286.400,0
286.500,0
286.600,0
286.700,0
286.800,0
286.900,0
287.000,0
287.100,0
287.200,0
287.300,0
287.400,0
287.500,0
287.600,0
287.700,0
287.800,0
287.900,0
288.000,0
288.100,0
288.200,0
288.300,0
288.400,0
288.500,0
288.600,0
288.700,0
288.800,0
288.900,0
289.000,0
289.100,0
289.200,0
289.300,0
289.400,0
289.500,0
289.600,0
289.700,0
289.800,0
289.900,0
290.000,0
290.100,0
290.200,0
290.300,0
290.400,0
290.500,0
290.600,0
290.700,0
290.800,0
290.900,0
291.000,0
291.100,0
291.200,0
291.300,0
291.400,0
291.500,0
291.600,0
291.700,0
291.800,0
291.900,0
292.000,0
292.100,0
292.200,0
292.300,0
292.400,0
292.500,0
292.600,0
292.700,0
292.800,0
292.900,0
293.000,0
293.100,0
293.200,0
293.300,0
293.400,0
293.500,0
293.600,0
293.700,0
293.800,0
293.900,0
294.000,0
294.100,0
294.200,0
294.300,0
294.400,0
294.500,0
294.600,0
294.700,0
294.800,0
294.900,0
295.000,0
295.100,0
295.200,0
295.300,0
295.400,0
295.500,0
295.600,0
295.700,0
295.800,0
295.900,0
296.000,0
296.100,0
296.200,0
296.300,0
296.400,0
296.500,0
296.600,0
296.700,0
296.800,0
296.900,0
297.000,0
297.100,0
297.200,0
297.300,0
297.400,0
297.500,0
297.600,0
297.700,0
297.800,0
297.900,0
298.000,0
298.100,0
298.200,0
298.300,0
298.400,0
298.500,0
298.600,0
298.700,0
298.800,0
298.900,0
299.000,0
299.100,0
299.200,0
299.300,0
299.400,0
299.500,0
299.600,0
299.700,0
299.800,0
299.900,0
300.000,0
300.100,0
300.200,0
300.300,0
300.400,0
300.500,0
300.600,0
300.700,0
300.800,0
300.900,0
301.000,0
301.100,0
301.200,0
301.300,0
301.400,0
301.500,0
301.600,0
301.700,0
301.800,0
301.900,0
302.000,0
302.100,0
302.200,0
302.300,0
302.400,0
302.500,0
302.600,0
302.700,0
302.800,0
302.900,0
303.000,0
303.100,0
303.200,0
303.300,0
303.400,0
303.500,0
303.600,0
303.700,0
303.800,0
303.900,0
304.000,0
304.100,0
304.200,0
304.300,0
304.400,0
304.500,0
304.600,0
304.700,0
304.800,0
304.900,0
305.000,0
305.100,0
305.200,0
305.300,0
305.400,0
305.500,0
305.600,0
305.700,0
305.800,0
305.900,0
306.000,0
306.100,0
306.200,0
306.300,0
306.400,0
306.500,0
306.600,0
306.700,0
306.800,0
306.900,0
307.000,0
307.100,0
307.200,0
307.300,0
307.400,0
307.500,0
307.600,0
307.700,0
307.800,0
307.900,0
308.000,0
308.100,0
308.200,0
308.300,0
308.400,0
308.500,0
308.600,0
308.700,0
308.800,0
308.900,0
309.000,0
309.100,0
309.200,0
309.300,0
309.400,0
309.500,0
309.600,0
309.700,0
309.800,0
309.900,0
310.000,0
310.100,0
310.200,0
310.300,0
310.400,0
310.500,0
310.600,0
310.700,0
310.800,0
310.900,0
311.000,0
311.100,0
311.200,0
311.300,0
311.400,0
311.500,0
311.600,0
311.700,0
311.800,0
311.900,0
312.000,0
312.100,0
312.200,0
312.300,0
312.400,0
312.500,0
312.600,0
312.700,0
312.800,0
312.900,0
313.000,0
313.100,0
313.200,0
313.300,0
313.400,0
313.500,0
313.600,0
313.700,0
313.800,0
313.900,0
314.000,0
314.100,0
314.200,0
314.300,0
314.400,0
314.500,0
314.600,0
314.700,0
314.800,0
314.900,0
315.000,0
315.100,0
315.200,0
315.300,0
315.400,0
315.500,0
315.600,0
315.700,0
315.800,0
315.900,0
316.000,0
316.100,0
316.200,0
316.300,0
316.400,0
316.500,0
316.600,0
316.700,0
316.800,0
316.900,0
317.000,0
317.100,0
317.200,0
317.300,0
317.400,0
317.500,0
317.600,0
317.700,0
317.800,0
317.900,0
318.000,0
318.100,0
318.200,0
318.300,0
318.400,0
318.500,0
318.600,0
318.700,0
318.800,0
318.900,0
319.000,0
319.100,0
319.200,0
319.300,0
319.400,0
319.500,0
319.600,0
319.700,0
319.800,0
319.900,0
320.000,0
320.100,0
320.200,0
320.300,0
320.400,0
320.500,0
320.600,0
320.700,0
320.800,0
320.900,0
321.000,0
321.100,0
321.200,0
321.300,0
321.400,0
321.500,0
321.600,0
321.700,0
321.800,0
321.900,0
322.000,0
322.100,0
322.200,0
322.300,0
322.400,0
322.500,0
322.600,0
322.700,0
322.800,0
322.900,0
323.000,0
323.100,0
323.200,0
323.300,0
323.400,0
323.500,0
323.600,0
323.700,0
323.800,0
323.900,0
324.000,0
324.100,0
324.200,0
324.300,0
324.400,0
324.500,0
324.600,0
324.700,0
324.800,0
324.900,0
325.000,0
325.100,0
325.200,0
325.300,0
325.400,0
325.500,0
325.600,0
325.700,0
325.800,0
325.900,0
326.000,0
326.100,0
326.200,0
326.300,0
326.400,0
326.500,0
326.600,0
326.700,0
326.800,0
326.900,0
327.000,0
327.100,0
327.200,0
327.300,0
327.400,0
327.500,0
327.600,0
327.700,0
327.800,0
327.900,0
328.000,0
328.100,0
328.200,0
328.300,0
328.400,0
328.500,0
328.600,0
328.700,0
328.800,0
328.900,0
329.000,0
329.100,0
329.200,0
329.300,0
329.400,0
329.500,0
329.600,0
329.700,0
329.800,0
329.900,0
330.000,0
330.100,0
330.200,0
330.300,0
330.400,0
330.500,0
330.600,0
330.700,0
330.800,0
330.900,0
331.000,0
331.100,0
331.200,0
331.300,0
331.400,0
331.500,0
331.600,0
331.700,0
331.800,0
331.900,0
332.000,0
332.100,0
332.200,0
332.300,0
332.400,0
332.500,0
332.600,0
332.700,0
332.800,0
332.900,0
333.000,0
333.100,0
333.200,0
333.300,0
333.400,0
333.500,0
333.600,0
333.700,0
333.800,0
333.900,0
334.000,0
334.100,0
334.200,0
334.300,0
334.400,0
334.500,0
334.600,0
334.700,0
334.800,0
334.900,0
335.000,0
335.100,0
335.200,0
335.300,0
335.400,0
335.500,0
335.600,0
335.700,0
335.800,0
335.900,0
336.000,0
336.100,0
336.200,0
336.300,0
336.400,0
336.500,0
336.600,0
336.700,0
336.800,0
336.900,0
337.000,0
337.100,0
337.200,0
337.300,0
337.400,0
337.500,0
337.600,0
337.700,0
337.800,0
337.900,0
338.000,0
338.100,0
338.200,0
338.300,0
338.400,0
338.500,0
338.600,0
338.700,0
338.800,0
338.900,0
339.000,0
339.100,0
339.200,0
339.300,0
339.400,0
339.500,0
339.600,0
339.700,0
339.800,0
339.900,0
340.000,0
340.100,0
340.200,0
340.300,0
340.400,0
340.500,0
340.600,0
340.700,0
340.800,0
340.900,0
341.000,0
341.100,0
341.200,0
341.300,0
341.400,0
341.500,0
341.600,0
341.700,0
341.800,0
341.900,0
342.000,0
342.100,0
342.200,0
342.300,0
342.400,0
342.500,0
342.600,0
342.700,0
342.800,0
342.900,0
343.000,0
343.100,0
343.200,0
343.300,0
343.400,0
343.500,0
343.600,0
343.700,0
343.800,0
343.900,0
344.000,0
344.100,0
344.200,0
344.300,0
344.400,0
344.500,0
344.600,0
344.700,0
344.800,0
344.900,0
345.000,0
345.100,0
345.200,0
345.300,0
345.400,0
345.500,0
345.600,0
345.700,0
345.800,0
345.900,0
346.000,0
346.100,0
346.200,0
346.300,0
346.400,0
346.500,0
346.600,0
346.700,0
346.800,0
346.900,0
347.000,0
347.100,0
347.200,0
347.300,0
347.400,0
347.500,0
347.600,0
347.700,0
347.800,0
347.900,0
348.000,0
348.100,0
348.200,0
348.300,0
348.400,0
348.500,0
348.600,0
348.700,0
348.800,0
348.900,0
349.000,0
349.100,0
349.200,0
349.300,0
349.400,0
349.500,0
349.600,0
349.700,0
349.800,0
349.900,0
350.000,0
350.100,0
350.200,0
350.300,0
350.400,0
350.500,0
350.600,0
350.700,0
350.800,0
350.900,0
351.000,0
351.100,0
351.200,0
351.300,0
351.400,0
351.500,0
351.600,0
351.700,0
351.800,0
351.900,0
352.000,0
352.100,0
352.200,0
352.300,0
352.400,0
352.500,0
352.600,0
352.700,0
352.800,0
352.900,0
353.000,0
353.100,0
353.200,0
353.300,0
353.400,0
353.500,0
353.600,0
353.700,0
353.800,0
353.900,0
354.000,0
354.100,0
354.200,0
354.300,0
354.400,0
354.500,0
354.600,0
354.700,0
354.800,0
354.900,0
355.000,0
355.100,0
355.200,0
355.300,0
355.400,0
355.500,0
355.600,0
355.700,0
355.800,0
355.900,0
356.000,0
356.100,0
356.200,0
356.300,0
356.400,0
356.500,0
356.600,0
356.700,0
356.800,0
356.900,0
357.000,0
357.100,0
357.200,0
357.300,0
357.400,0
357.500,0
357.600,0
357.700,0
357.800,0
357.900,0
358.000,0
358.100,0
358.200,0
358.300,0
358.400,0
358.500,0
358.600,0
358.700,0
358.800,0
358.900,0
359.000,0
359.100,0
359.200,0
359.300,0
359.400,0
359.500,0
359.600,0
359.700,0
359.800,0
359.900,0
360.000,0
360.100,0
360.200,0
360.300,0
360.400,0
360.500,0
360.600,0
360.700,0
360.800,0
360.900,0
361.000,0
361.100,0
361.200,0
361.300,0
361.400,0
361.500,0
361.600,0
361.700,0
361.800,0
361.900,0
362.000,0
362.100,0
362.200,0
362.300,0
362.400,0
362.500,0
362.600,0
362.700,0
362.800,0
362.900,0
363.000,0
363.100,0
363.200,0
363.300,0
363.400,0
363.500,0
363.600,0
363.700,0
363.800,0
363.900,0
364.000,0
364.100,0
364.200,0
364.300,0
364.400,0
364.500,0
364.600,0
364.700,0
364.800,0
364.900,0
365.000,0
365.100,0
365.200,0
365.300,0
365.400,0
365.500,0
365.600,0
365.700,0
365.800,0
365.900,0
366.000,0
366.100,0
366.200,0
366.300,0
366.400,0
366.500,0
366.600,0
366.700,0
366.800,0
366.900,0
367.000,0
367.100,0
367.200,0
367.300,0
367.400,0
367.500,0
367.600,0
367.700,0
367.800,0
367.900,0
368.000,0
368.100,0
368.200,0
368.300,0
368.400,0
368.500,0
368.600,0
368.700,0
368.800,0
368.900,0
369.000,0
369.100,0
369.200,0
369.300,0
369.400,0
369.500,0
369.600,0
369.700,0
369.800,0
369.900,0
370.000,0
370.100,0
370.200,0
370.300,0
370.400,0
370.500,0
370.600,0
370.700,0
370.800,0
370.900,0
371.000,0
371.100,0
371.200,0
371.300,0
371.400,0
371.500,0
371.600,0
371.700,0
371.800,0
371.900,0
372.000,0
372.100,0
372.200,0
372.300,0
372.400,0
372.500,0
372.600,0
372.700,0
372.800,0
372.900,0
373.000,0
373.100,0
373.200,0
373.300,0
373.400,0
373.500,0
373.600,0
373.700,0
373.800,0
373.900,0
374.000,0
374.100,0
374.200,0
374.300,0
374.400,0
374.500,0
374.600,0
374.700,0
374.800,0
374.900,0
375.000,0
375.100,0
375.200,0
375.300,0
375.400,0
375.500,0
375.600,0
375.700,0
375.800,0
375.900,0
376.000,0
376.100,0
376.200,0
376.300,0
376.400,0
376.500,0
376.600,0
376.700,0
376.800,0
376.900,0
377.000,0
377.100,0
377.200,0
377.300,0
377.400,0
377.500,0
377.600,0
377.700,0
377.800,0
377.900,0
378.000,0
378.100,0
378.200,0
378.300,0
378.400,0
378.500,0
378.600,0
378.700,0
378.800,0
378.900,0
379.000,0
379.100,0
379.200,0
379.300,0
379.400,0
379.500,0
379.600,0
379.700,0
379.800,0
379.900,0
380.000,0
380.100,0
380.200,0
380.300,0
380.400,0
380.500,0
380.600,0
380.700,0
380.800,0
380.900,0
381.000,0
381.100,0
381.200,0
381.300,0
381.400,0
381.500,0
381.600,0
381.700,0
381.800,0
381.900,0
382.000,0
382.100,0
382.200,0
382.300,0
382.400,0
382.500,0
382.600,0
382.700,0
382.800,0
382.900,0
383.000,0
383.100,0
383.200,0
383.300,0
383.400,0
383.500,0
383.600,0
383.700,0
383.800,0
383.900,0
384.000,0
384.100,0
384.200,0
384.300,0
384.400,0
384.500,0
384.600,0
384.700,0
384.800,0
384.900,0
385.000,0
385.100,0
385.200,0
385.300,0
385.400,0
385.500,0
385.600,0
385.700,0
385.800,0
385.900,0
386.000,0
386.100,0
386.200,0
386.300,0
386.400,0
386.500,0
386.600,0
386.700,0
386.800,0
386.900,0
387.000,0
387.100,0
387.200,0
387.300,0
387.400,0
387.500,0
387.600,0
387.700,0
387.800,0
387.900,0
388.000,0
388.100,0
388.200,0
388.300,0
388.400,0
388.500,0
388.600,0
388.700,0
388.800,0
388.900,0
389.000,0
389.100,0
389.200,0
389.300,0
389.400,0
389.500,0
389.600,0
389.700,0
389.800,0
389.900,0
390.000,0
390.100,0
390.200,0
390.300,0
390.400,0
390.500,0
390.600,0
390.700,0
390.800,0
390.900,0
391.000,0
391.100,0
391.200,0
391.300,0
391.400,0
391.500,0
391.600,0
391.700,0
391.800,0
391.900,0
392.000,0
392.100,0
392.200,0
392.300,0
392.400,0
392.500,0
392.600,0
392.700,0
392.800,0
392.900,0
393.000,0
393.100,0
393.200,0
393.300,0
393.400,0
393.500,0
393.600,0
393.700,0
393.800,0
393.900,0
394.000,0
394.100,0
394.200,0
394.300,0
394.400,0
394.500,0
394.600,0
394.700,0
394.800,0
394.900,0
395.000,0
395.100,0
395.200,0
395.300,0
395.400,0
395.500,0
395.600,0
395.700,0
395.800,0
395.900,0
396.000,0
396.100,0
396.200,0
396.300,0
396.400,0
396.500,0
396.600,0
396.700,0
396.800,0
396.900,0
397.000,0
397.100,0
397.200,0
397.300,0
397.400,0
397.500,0
397.600,0
397.700,0
397.800,0
397.900,0
398.000,0
398.100,0
398.200,0
398.300,0
398.400,0
398.500,0
398.600,0
398.700,0
398.800,0
398.900,0
399.000,0
399.100,0
399.200,0
399.300,0
399.400,0
399.500,0
399.600,0
399.700,0
399.800,0
399.900,0
400.000,0
400.100,0
400.200,0
400.300,0
400.400,0
400.500,0
400.600,0
400.700,0
400.800,0
400.900,0
401.000,0
401.100,0
401.200,0
401.300,0
401.400,0
401.500,0
401.600,0
401.700,0
401.800,0
401.900,0
402.000,0
402.100,0
402.200,0
402.300,0
402.400,0
402.500,0
402.600,0
402.700,0
402.800,0
402.900,0
403.000,0
403.100,0
403.200,0
403.300,0
403.400,0
403.500,0
403.600,0
403.700,0
403.800,0
403.900,0
404.000,0
404.100,0
404.200,0
404.300,0
404.400,0
404.500,0
404.600,0
404.700,0
404.800,0
404.900,0
405.000,0
405.100,0
405.200,0
405.300,0
405.400,0
405.500,0
405.600,0
405.700,0
405.800,0
405.900,0
406.000,0
406.100,0
406.200,0
406.300,0
406.400,0
406.500,0
406.600,0
406.700,0
406.800,0
406.900,0
407.000,0
407.100,0
407.200,0
407.300,0
407.400,0
407.500,0
407.600,0
407.700,0
407.800,0
407.900,0
408.000,0
408.100,0
408.200,0
408.300,0
408.400,0
408.500,0
408.600,0
408.700,0
408.800,0
408.900,0
409.000,0
409.100,0
409.200,0
409.300,0
409.400,0
409.500,0
409.600,0
409.700,0
409.800,0
409.900,0
410.000,0
410.100,0
410.200,0
410.300,0
410.400,0
410.500,0
410.600,0
410.700,0
410.800,0
410.900,0
411.000,0
411.100,0
411.200,0
411.300,0
411.400,0
411.500,0
411.600,0
411.700,0
411.800,0
411.900,0
412.000,0
412.100,0
412.200,0
412.300,0
412.400,0
412.500,0
412.600,0
412.700,0
412.800,0
412.900,0
413.000,0
413.100,0
413.200,0
413.300,0
413.400,0
413.500,0
413.600,0
413.700,0
413.800,0
413.900,0
414.000,0
414.100,0
414.200,0
414.300,0
414.400,0
414.500,0
414.600,0
414.700,0
414.800,0
414.900,0
415.000,0
415.100,0
415.200,0
415.300,0
415.400,0
415.500,0
415.600,0
415.700,0
415.800,0
415.900,0
416.000,0
416.100,0
416.200,0
416.300,0
416.400,0
416.500,0
416.600,0
416.700,0
416.800,0
416.900,0
417.000,0
417.100,0
417.200,0
417.300,0
417.400,0
417.500,0
417.600,0
417.700,0
417.800,0
417.900,0
418.000,0
418.100,0
418.200,0
418.300,0
418.400,0
418.500,0
418.600,0
418.700,0
418.800,0
418.900,0
419.000,0
419.100,0
419.200,0
419.300,0
419.400,0
419.500,0
419.600,0
419.700,0
419.800,0
419.900,0
420.000,0
420.100,0
420.200,0
420.300,0
420.400,0
420.500,0
420.600,0
420.700,0
420.800,0
420.900,0
421.000,0
421.100,0
421.200,0
421.300,0
421.400,0
421.500,0
421.600,0
421.700,0
421.800,0
421.900,0
422.000,0
422.100,0
422.200,0
422.300,0
422.400,0
422.500,0
422.600,0
422.700,0
422.800,0
422.900,0
423.000,0
423.100,0
423.200,0
423.300,0
423.400,0
423.500,0
423.600,0
423.700,0
423.800,0
423.900,0
424.000,0
424.100,0
424.200,0
424.300,0
424.400,0
424.500,0
424.600,0
424.700,0
424.800,0
424.900,0
425.000,0
425.100,0
425.200,0
425.300,0
425.400,0
425.500,0
425.600,0
425.700,0
425.800,0
425.900,0
426.000,0
426.100,0
426.200,0
426.300,0
426.400,0
426.500,0
426.600,0
426.700,0
426.800,0
426.900,0
427.000,0
427.100,0
427.200,0
427.300,0
427.400,0
427.500,0
427.600,0
427.700,0
427.800,0
427.900,0
428.000,0
428.100,0
428.200,0
428.300,0
428.400,0
428.500,0
428.600,0
428.700,0
428.800,0
428.900,0
429.000,0
429.100,0
429.200,0
429.300,0
429.400,0
429.500,0
429.600,0
429.700,0
429.800,0
429.900,0
430.000,0
430.100,0
430.200,0
430.300,0
430.400,0
430.500,0
430.600,0
430.700,0
430.800,0
430.900,0
431.000,0
431.100,0
431.200,0
431.300,0
431.400,0
431.500,0
431.600,0
431.700,0
431.800,0
431.900,0
432.000,0
432.100,0
432.200,0
432.300,0
432.400,0
432.500,0
432.600,0
432.700,0
432.800,0
432.900,0
433.000,0
433.100,0
433.200,0
433.300,0
433.400,0
433.500,0
433.600,0
433.700,0
433.800,0
433.900,0
434.000,0
434.100,0
434.200,0
434.300,0
434.400,0
434.500,0
434.600,0
434.700,0
434.800,0
434.900,0
435.000,0
435.100,0
435.200,0
435.300,0
435.400,0
435.500,0
435.600,0
435.700,0
435.800,0
435.900,0
436.000,0
436.100,0
436.200,0
436.300,0
436.400,0
436.500,0
436.600,0
436.700,0
436.800,0
436.900,0
437.000,0
437.100,0
437.200,0
437.300,0
437.400,0
437.500,0
437.600,0
437.700,0
437.800,0
437.900,0
438.000,0
438.100,0
438.200,0
438.300,0
438.400,0
438.500,0
438.600,0
438.700,0
438.800,0
438.900,0
439.000,0
439.100,0
439.200,0
439.300,0
439.400,0
439.500,0
439.600,0
439.700,0
439.800,0
439.900,0
440.000,0
440.100,0
440.200,0
440.300,0
440.400,0
440.500,0
440.600,0
440.700,0
440.800,0
440.900,0
441.000,0
441.100,0
441.200,0
441.300,0
441.400,0
441.500,0
441.600,0
441.700,0
441.800,0
441.900,0
442.000,0
442.100,0
442.200,0
442.300,0
442.400,0
442.500,0
442.600,0
442.700,0
442.800,0
442.900,0
443.000,0
443.100,0
443.200,0
443.300,0
443.400,0
443.500,0
443.600,0
443.700,0
443.800,0
443.900,0
444.000,0
444.100,0
444.200,0
444.300,0
444.400,0
444.500,0
444.600,0
444.700,0
444.800,0
444.900,0
445.000,0
445.100,0
445.200,0
445.300,0
445.400,0
445.500,0
445.600,0
445.700,0
445.800,0
445.900,0
446.000,0
446.100,0
446.200,0
446.300,0
446.400,0
446.500,0
446.600,0
446.700,0
446.800,0
446.900,0
447.000,0
447.100,0
447.200,0
447.300,0
447.400,0
447.500,0
447.600,0
447.700,0
447.800,0
447.900,0
448.000,0
448.100,0
448.200,0
448.300,0
448.400,0
448.500,0
448.600,0
448.700,0
448.800,0
448.900,0
449.000,0
449.100,0
449.200,0
449.300,0
449.400,0
449.500,0
449.600,0
449.700,0
449.800,0
449.900,0
450.000,0
450.100,0
450.200,0
450.300,0
450.400,0
450.500,0
450.600,0
450.700,0
450.800,0
450.900,0
451.000,0
451.100,0
451.200,0
451.300,0
451.400,0
451.500,0
451.600,0
451.700,0
451.800,0
451.900,0
452.000,0
452.100,0
452.200,0
452.300,0
452.400,0
452.500,0
452.600,0
452.700,0
452.800,0
452.900,0
453.000,0
453.100,0
453.200,0
453.300,0
453.400,0
453.500,0
453.600,0
453.700,0
453.800,0
453.900,0
454.000,0
454.100,0
454.200,0
454.300,0
454.400,0
454.500,0
454.600,0
454.700,0
454.800,0
454.900,0
455.000,0
455.100,0
455.200,0
455.300,0
455.400,0
455.500,0
455.600,0
455.700,0
455.800,0
455.900,0
456.000,0
456.100,0
456.200,0
456.300,0
456.400,0
456.500,0
456.600,0
456.700,0
456.800,0
456.900,0
457.000,0
457.100,0
457.200,0
457.300,0
457.400,0
457.500,0
457.600,0
457.700,0
457.800,0
457.900,0
458.000,0
458.100,0
458.200,0
458.300,0
458.400,0
458.500,0
458.600,0
458.700,0
458.800,0
458.900,0
459.000,0
459.100,0
459.200,0
459.300,0
459.400,0
459.500,0
459.600,0
459.700,0
459.800,0
459.900,0
460.000,0
460.100,0
460.200,0
460.300,0
460.400,0
460.500,0
460.600,0
460.700,0
460.800,0
460.900,0
461.000,0
461.100,0
461.200,0
461.300,0
461.400,0
461.500,0
461.600,0
461.700,0
461.800,0
461.900,0
462.000,0
462.100,0
462.200,0
462.300,0
462.400,0
462.500,0
462.600,0
462.700,0
462.800,0
462.900,0
463.000,0
463.100,0
463.200,0
463.300,0
463.400,0
463.500,0
463.600,0
463.700,0
463.800,0
463.900,0
464.000,0
464.100,0
464.200,0
464.300,0
464.400,0
464.500,0
464.600,0
464.700,0
464.800,0
464.900,0
465.000,0
465.100,0
465.200,0
465.300,0
465.400,0
465.500,0
465.600,0
465.700,0
465.800,0
465.900,0
466.000,0
466.100,0
466.200,0
466.300,0
466.400,0
466.500,0
466.600,0
466.700,0
466.800,0
466.900,0
467.000,0
467.100,0
467.200,0
467.300,0
467.400,0
467.500,0
467.600,0
467.700,0
467.800,0
467.900,0
468.000,0
468.100,0
468.200,0
468.300,0
468.400,0
468.500,0
468.600,0
468.700,0
468.800,0
468.900,0
469.000,0
469.100,0
469.200,0
469.300,0
469.400,0
469.500,0
469.600,0
469.700,0
469.800,0
469.900,0
470.000,0
470.100,0
470.200,0
470.300,0
470.400,0
470.500,0
470.600,0
470.700,0
470.800,0
470.900,0
471.000,0
471.100,0
471.200,0
471.300,0
471.400,0
471.500,0
471.600,0
471.700,0
471.800,0
471.900,0
472.000,0
472.100,0
472.200,0
472.300,0
472.400,0
472.500,0
472.600,0
472.700,0
472.800,0
472.900,0
473.000,0
473.100,0
473.200,0
473.300,0
473.400,0
473.500,0
473.600,0
473.700,0
473.800,0
473.900,0
474.000,0
474.100,0
474.200,0
474.300,0
474.400,0
474.500,0
474.600,0
474.700,0
474.800,0
474.900,0
475.000,0
475.100,0
475.200,0
475.300,0
475.400,0
475.500,0
475.600,0
475.700,0
475.800,0
475.900,0
476.000,0
476.100,0
476.200,0
476.300,0
476.400,0
476.500,0
476.600,0
476.700,0
476.800,0
476.900,0
477.000,0
477.100,0
477.200,0
477.300,0
477.400,0
477.500,0
477.600,0
477.700,0
477.800,0
477.900,0
478.000,0
478.100,0
478.200,0
478.300,0
478.400,0
478.500,0
478.600,0
478.700,0
478.800,0
478.900,0
479.000,0
479.100,0
479.200,0
479.300,0
479.400,0
479.500,0
479.600,0
479.700,0
479.800,0
479.900,0
